ekstern_id,skolenavn,slug,organisasjonsnummer,fylke,lokallag,skoleform,kontakt_epost,status,neste_styrevalg
eo-skole-arendal-videregaende-skole-avd-tyholmen-og-barbu,Arendal videregående skole (avd. Tyholmen og Barbu),arendal-videregaende-skole-avd-tyholmen-og-barbu,,Agder,,videregående,,aktiv,
eo-skole-dahlske-videregaende-skole,Dahlske videregående skole,dahlske-videregaende-skole,,Agder,,videregående,,aktiv,
eo-skole-eilert-sundt-videregaende-skole-avd-farsund,Eilert Sundt videregående skole (avd Farsund),eilert-sundt-videregaende-skole-avd-farsund,,Agder,,videregående,,aktiv,
eo-skole-eilert-sundt-videregaende-skole-avd-lyngdal,Eilert Sundt videregående skole (avd Lyngdal),eilert-sundt-videregaende-skole-avd-lyngdal,,Agder,,videregående,,aktiv,
eo-skole-flekkefjord-vgs-avd-kvinesdal,"Flekkefjord vgs, avd Kvinesdal",flekkefjord-vgs-avd-kvinesdal,,Agder,,videregående,,aktiv,
eo-skole-flekkefjord-videregaende-skole-avd-flekkefjord,"Flekkefjord videregående skole, avd Flekkefjord",flekkefjord-videregaende-skole-avd-flekkefjord,,Agder,,videregående,,aktiv,
eo-skole-grim-skole,Grim skole,grim-skole,,Agder,,ungdomsskole,,aktiv,
eo-skole-kristiansand-katedralskole-gimle,Kristiansand Katedralskole Gimle,kristiansand-katedralskole-gimle,,Agder,,videregående,,aktiv,
eo-skole-kvadraturen-videregaende-skole,Kvadraturen videregående skole,kvadraturen-videregaende-skole,,Agder,,videregående,,aktiv,
eo-skole-lillesand-videregaende-skole,Lillesand videregående skole,lillesand-videregaende-skole,,Agder,,videregående,,aktiv,
eo-skole-mandal-videregaende-skole,Mandal videregående skole,mandal-videregaende-skole,,Agder,,videregående,,aktiv,
eo-skole-nedenes-skole,Nedenes skole,nedenes-skole,,Agder,,ungdomsskole,,aktiv,
eo-skole-risor-videregaende-skole,Risør videregående skole,risor-videregaende-skole,,Agder,,videregående,,aktiv,
eo-skole-sam-eyde-videregaende-skole,Sam Eyde videregående skole,sam-eyde-videregaende-skole,,Agder,,videregående,,aktiv,
eo-skole-setesdal-videregaende-skole,Setesdal videregående skole,setesdal-videregaende-skole,,Agder,,videregående,,aktiv,
eo-skole-sogndalen-ungsomsskole,Sogndalen ungsomsskole,sogndalen-ungsomsskole,,Agder,,ungdomsskole,,aktiv,
eo-skole-steinerskolen-i-kristiansand,Steinerskolen i Kristiansand,steinerskolen-i-kristiansand,,Agder,,ungdomsskole,,aktiv,
eo-skole-sogne-videregaende-skole,Søgne videregående skole,sogne-videregaende-skole,,Agder,,videregående,,aktiv,
eo-skole-tangen-videregaende-skole,Tangen videregående skole,tangen-videregaende-skole,,Agder,,videregående,,aktiv,
eo-skole-torridal-ungdomsskole,Torridal ungdomsskole,torridal-ungdomsskole,,Agder,,ungdomsskole,,aktiv,
eo-skole-tvedestrand-videregaende-skole,Tvedestrand Videregående skole,tvedestrand-videregaende-skole,,Agder,,videregående,,aktiv,
eo-skole-valle-skule,Valle skule,valle-skule,,Agder,,ungdomsskole,,aktiv,
eo-skole-vennesla-videregaende-skole,Vennesla videregående skole,vennesla-videregaende-skole,,Agder,,videregående,,aktiv,
eo-skole-vagsbygd-videregaende-skole,Vågsbygd videregående skole,vagsbygd-videregaende-skole,,Agder,,videregående,,aktiv,
eo-skole-akademiet-realfagsgymnas-sandvika,Akademiet Realfagsgymnas Sandvika,akademiet-realfagsgymnas-sandvika,,Akershus,,videregående,,aktiv,
eo-skole-alvaern-ungdomsskole,Alværn ungdomsskole,alvaern-ungdomsskole,,Akershus,,ungdomsskole,,aktiv,
eo-skole-asker-videregaende-skole,Asker videregående skole,asker-videregaende-skole,,Akershus,,videregående,,aktiv,
eo-skole-aursmoen-skole,Aursmoen skole,aursmoen-skole,,Akershus,,ungdomsskole,,aktiv,
eo-skole-bakkelokka-ungdomsskole,Bakkeløkka ungdomsskole,bakkelokka-ungdomsskole,,Akershus,,ungdomsskole,,aktiv,
eo-skole-bjorkelangen-videregaende-skole,Bjørkelangen videregående skole,bjorkelangen-videregaende-skole,,Akershus,,videregående,,aktiv,
eo-skole-bleiker-videregaende-skole,Bleiker videregående skole,bleiker-videregaende-skole,,Akershus,,videregående,,aktiv,
eo-skole-dromtorp-videregaende-skole,Drømtorp videregående skole,dromtorp-videregaende-skole,,Akershus,,videregående,,aktiv,
eo-skole-dyrlokkeasen-skole,Dyrløkkeåsen skole,dyrlokkeasen-skole,,Akershus,,ungdomsskole,,aktiv,
eo-skole-donski-videregaende-skole,Dønski videregående skole,donski-videregaende-skole,,Akershus,,videregående,,aktiv,
eo-skole-eidsvoll-videregaende-skole,Eidsvoll videregående skole,eidsvoll-videregaende-skole,,Akershus,,videregående,,aktiv,
eo-skole-floysbonn-skole,Fløysbonn skole,floysbonn-skole,,Akershus,,ungdomsskole,,aktiv,
eo-skole-gjettum-skole,Gjettum skole,gjettum-skole,,Akershus,,ungdomsskole,,aktiv,
eo-skole-harestua-skole-ungdomsskolen,"Harestua skole, ungdomsskolen",harestua-skole-ungdomsskolen,,Akershus,,ungdomsskole,,aktiv,
eo-skole-haugjordet-ungdomsskole,Haugjordet ungdomsskole,haugjordet-ungdomsskole,,Akershus,,ungdomsskole,,aktiv,
eo-skole-hovedgarden-ungdomsskole,Hovedgården ungdomsskole,hovedgarden-ungdomsskole,,Akershus,,ungdomsskole,,aktiv,
eo-skole-hvam-videregaende-skole,Hvam videregående skole,hvam-videregaende-skole,,Akershus,,videregående,,aktiv,
eo-skole-jessheim-videregaende-skole,Jessheim videregående skole,jessheim-videregaende-skole,,Akershus,,videregående,,aktiv,
eo-skole-lillestrom-videregaende-skole,Lillestrøm videregående skole,lillestrom-videregaende-skole,,Akershus,,videregående,,aktiv,
eo-skole-marikollen-ungdomsskole,Marikollen ungdomsskole,marikollen-ungdomsskole,,Akershus,,ungdomsskole,,aktiv,
eo-skole-nadderud-videregaende-skole,Nadderud videregående skole,nadderud-videregaende-skole,,Akershus,,videregående,,aktiv,
eo-skole-nannestad-videregaende-skole,Nannestad videregående skole,nannestad-videregaende-skole,,Akershus,,videregående,,aktiv,
eo-skole-nesbru-videregaende-skole,Nesbru videregående skole,nesbru-videregaende-skole,,Akershus,,videregående,,aktiv,
eo-skole-nesodden-videregaende-skole,Nesodden videregående skole,nesodden-videregaende-skole,,Akershus,,videregående,,aktiv,
eo-skole-nordbytun-ungdomsskole,Nordbytun ungdomsskole,nordbytun-ungdomsskole,,Akershus,,ungdomsskole,,aktiv,
eo-skole-ramstad-skole,Ramstad skole,ramstad-skole,,Akershus,,ungdomsskole,,aktiv,
eo-skole-roald-amundsen-videregaende-skole,Roald Amundsen videregående skole,roald-amundsen-videregaende-skole,,Akershus,,ungdomsskole,,aktiv,
eo-skole-rosenvilde-videregaende-skole,Rosenvilde videregående skole,rosenvilde-videregaende-skole,,Akershus,,videregående,,aktiv,
eo-skole-rud-videregaende-skole,Rud videregående skole,rud-videregaende-skole,,Akershus,,videregående,,aktiv,
eo-skole-rudolf-steinerskolen-stiftelsen-avd-undervisning-nesodden,Rudolf Steinerskolen stiftelsen avd. Undervisning (Nesodden),rudolf-steinerskolen-stiftelsen-avd-undervisning-nesodden,,Akershus,,videregående,,aktiv,
eo-skole-raelingen-videregaende-skole,Rælingen videregående skole,raelingen-videregaende-skole,,Akershus,,videregående,,aktiv,
eo-skole-royken-ungdomsskole,Røyken ungdomsskole,royken-ungdomsskole,,Akershus,,ungdomsskole,,aktiv,
eo-skole-royken-videregaende-skole,Røyken videregående skole,royken-videregaende-skole,,Akershus,,videregående,,aktiv,
eo-skole-sandvika-videregaende-skole,Sandvika videregående skole,sandvika-videregaende-skole,,Akershus,,videregående,,aktiv,
eo-skole-ski-videregaende-skole,Ski videregående skole,ski-videregaende-skole,,Akershus,,videregående,,aktiv,
eo-skole-stabekk-videregaende-skole,Stabekk videregående skole,stabekk-videregaende-skole,,Akershus,,videregående,,aktiv,
eo-skole-steinerskolen-pa-eidsvoll,Steinerskolen på Eidsvoll,steinerskolen-pa-eidsvoll,,Akershus,,ungdomsskole,,aktiv,
eo-skole-strommen-videregaende-skole,Strømmen videregående skole,strommen-videregaende-skole,,Akershus,,videregående,,aktiv,
eo-skole-svensedammen-ungdomsskole,Svensedammen ungdomsskole,svensedammen-ungdomsskole,,Akershus,,ungdomsskole,,aktiv,
eo-skole-sorumsand-videregaende-skole,Sørumsand videregående skole,sorumsand-videregaende-skole,,Akershus,,videregående,,aktiv,
eo-skole-tangenasen-ungdomsskole,Tangenåsen ungdomsskole,tangenasen-ungdomsskole,,Akershus,,ungdomsskole,,aktiv,
eo-skole-valler-videregaende-skole,Valler videregående skole,valler-videregaende-skole,,Akershus,,videregående,,aktiv,
eo-skole-vestby-ungdomsskole,Vestby ungdomsskole,vestby-ungdomsskole,,Akershus,,ungdomsskole,,aktiv,
eo-skole-vestby-videregaende-skole,Vestby videregående skole,vestby-videregaende-skole,,Akershus,,videregående,,aktiv,
eo-skole-vollen-ungdomsskole,Vollen ungdomsskole,vollen-ungdomsskole,,Akershus,,ungdomsskole,,aktiv,
eo-skole-as-ungdomsskole,Ås ungdomsskole,as-ungdomsskole,,Akershus,,ungdomsskole,,aktiv,
eo-skole-akademiet-drammen-as,Akademiet Drammen AS,akademiet-drammen-as,,Buskerud,,videregående,,aktiv,
eo-skole-akademiet-ypsilon-videregaende-skole-as,Akademiet Ypsilon videregående skole AS,akademiet-ypsilon-videregaende-skole-as,,Buskerud,,videregående,,aktiv,
eo-skole-briskeby-videregaende-skole-as,Briskeby videregående skole AS,briskeby-videregaende-skole-as,,Buskerud,,videregående,,aktiv,
eo-skole-buskerud-videregaende-skole-avd-rosthaug,Buskerud videregående skole avd. Rosthaug,buskerud-videregaende-skole-avd-rosthaug,,Buskerud,,videregående,,aktiv,
eo-skole-drammen-videregaende-skole,Drammen videregående skole,drammen-videregaende-skole,,Buskerud,,videregående,,aktiv,
eo-skole-eiker-videregaende-skole,Eiker videregående skole,eiker-videregaende-skole,,Buskerud,,videregående,,aktiv,
eo-skole-gol-videregaende-skole,Gol videregående skole,gol-videregaende-skole,,Buskerud,,videregående,,aktiv,
eo-skole-hokksund-ungdomsskole,Hokksund ungdomsskole,hokksund-ungdomsskole,,Buskerud,,ungdomsskole,,aktiv,
eo-skole-honefoss-videregaende-skole,Hønefoss videregående skole,honefoss-videregaende-skole,,Buskerud,,videregående,,aktiv,
eo-skole-kongsberg-videregaende-skole,Kongsberg videregående skole,kongsberg-videregaende-skole,,Buskerud,,videregående,,aktiv,
eo-skole-lier-videregaende-skole,Lier videregående skole,lier-videregaende-skole,,Buskerud,,videregående,,aktiv,
eo-skole-numedal-videregaende-skole,Numedal videregående skole,numedal-videregaende-skole,,Buskerud,,videregående,,aktiv,
eo-skole-ringerike-videregaende-skole,Ringerike videregående skole,ringerike-videregaende-skole,,Buskerud,,videregående,,aktiv,
eo-skole-st-hallvard-videregaende-skole,St. Hallvard videregående skole,st-hallvard-videregaende-skole,,Buskerud,,videregående,,aktiv,
eo-skole-vestfossen-ungdomsskole,Vestfossen ungdomsskole,vestfossen-ungdomsskole,,Buskerud,,ungdomsskole,,aktiv,
eo-skole-al-videregaende-skole,Ål videregående skole,al-videregaende-skole,,Buskerud,,videregående,,aktiv,
eo-skole-assiden-videregaende-skole,Åssiden videregående skole,assiden-videregaende-skole,,Buskerud,,videregående,,aktiv,
eo-skole-alta-videregaende-skole,Alta videregående skole,alta-videregaende-skole,,Finnmark,,videregående,,aktiv,
eo-skole-breilia-skole,Breilia Skole,breilia-skole,,Finnmark,,ungdomsskole,,aktiv,
eo-skole-batsfjord-private-videregaende-skole,Båtsfjord Private videregående skole,batsfjord-private-videregaende-skole,,Finnmark,,videregående,,aktiv,
eo-skole-batsfjord-skole,Båtsfjord skole,batsfjord-skole,,Finnmark,,ungdomsskole,,aktiv,
eo-skole-hammerfest-videregaende-skole,Hammerfest videregående skole,hammerfest-videregaende-skole,,Finnmark,,videregående,,aktiv,
eo-skole-honningsvag-skole,Honningsvåg skole,honningsvag-skole,,Finnmark,,ungdomsskole,,aktiv,
eo-skole-karasjok-skole,Karasjok skole,karasjok-skole,,Finnmark,,ungdomsskole,,aktiv,
eo-skole-kirkenes-videregaende-skole,Kirkenes videregående skole,kirkenes-videregaende-skole,,Finnmark,,videregående,,aktiv,
eo-skole-lakselv-videregaende-skole,Lakselv videregående skole,lakselv-videregaende-skole,,Finnmark,,videregående,,aktiv,
eo-skole-nordkapp-videregaende-skole,Nordkapp videregående skole,nordkapp-videregaende-skole,,Finnmark,,videregående,,aktiv,
eo-skole-samisk-videregaende-skole-avd-karasjok,Samisk videregående skole avd. Karasjok,samisk-videregaende-skole-avd-karasjok,,Finnmark,,videregående,,aktiv,
eo-skole-samisk-videregaende-skole-og-reindriftsskole-avd-kautokeino,Samisk videregående skole og reindriftsskole avd. Kautokeino,samisk-videregaende-skole-og-reindriftsskole-avd-kautokeino,,Finnmark,,videregående,,aktiv,
eo-skole-sandfallet-ungdomsskole,Sandfallet ungdomsskole,sandfallet-ungdomsskole,,Finnmark,,ungdomsskole,,aktiv,
eo-skole-sandnes-og-bjornevatn-skole,Sandnes og Bjørnevatn skole,sandnes-og-bjornevatn-skole,,Finnmark,,ungdomsskole,,aktiv,
eo-skole-tana-videregaende-skole,Tana videregående skole,tana-videregaende-skole,,Finnmark,,videregående,,aktiv,
eo-skole-vadso-videregaende-skole,Vadsø videregående skole,vadso-videregaende-skole,,Finnmark,,videregående,,aktiv,
eo-skole-vardo-videregaende-skole,Vardø videregående skole,vardo-videregaende-skole,,Finnmark,,videregående,,aktiv,
eo-skole-elverum-videregaende-skole,Elverum videregående skole,elverum-videregaende-skole,,Innlandet,,videregående,,aktiv,
eo-skole-engerdal-barne-og-ungdomsskole,Engerdal barne- og ungdomsskole,engerdal-barne-og-ungdomsskole,,Innlandet,,ungdomsskole,,aktiv,
eo-skole-gausdal-videregaende-skole,Gausdal videregående skole,gausdal-videregaende-skole,,Innlandet,,videregående,,aktiv,
eo-skole-gjovik-videregaende-skole,Gjøvik videregående skole,gjovik-videregaende-skole,,Innlandet,,videregående,,aktiv,
eo-skole-hadeland-videregaende-skole,Hadeland videregående skole,hadeland-videregaende-skole,,Innlandet,,videregående,,aktiv,
eo-skole-hamar-katedralskole,Hamar Katedralskole,hamar-katedralskole,,Innlandet,,videregående,,aktiv,
eo-skole-jonsberg-videregaende-skole,Jønsberg videregående skole,jonsberg-videregaende-skole,,Innlandet,,videregående,,aktiv,
eo-skole-kongsvinger-ungdomsskole,Kongsvinger ungdomsskole,kongsvinger-ungdomsskole,,Innlandet,,ungdomsskole,,aktiv,
eo-skole-lena-valle-videregaende-skole,Lena-Valle videregående skole,lena-valle-videregaende-skole,,Innlandet,,videregående,,aktiv,
eo-skole-lillehammer-videregaende-skole-avd-nord,"Lillehammer videregående skole, avd Nord",lillehammer-videregaende-skole-avd-nord,,Innlandet,,videregående,,aktiv,
eo-skole-lillehammer-videregaende-skole-avd-sor,"Lillehammer videregående skole, avd Sør",lillehammer-videregaende-skole-avd-sor,,Innlandet,,videregående,,aktiv,
eo-skole-nord-gubransdalen-videregaende-skole-avd-dombas,"Nord-Gubransdalen videregående skole, avd Dombås",nord-gubransdalen-videregaende-skole-avd-dombas,,Innlandet,,videregående,,aktiv,
eo-skole-nord-gubransdalen-videregaende-skole-avd-lom,"Nord-Gubransdalen videregående skole, avd Lom",nord-gubransdalen-videregaende-skole-avd-lom,,Innlandet,,videregående,,aktiv,
eo-skole-nord-gubransdalen-videregaende-skole-avd-otta,"Nord-Gubransdalen videregående skole, avd Otta",nord-gubransdalen-videregaende-skole-avd-otta,,Innlandet,,videregående,,aktiv,
eo-skole-nord-osterdal-videregaende-skole,Nord-Østerdal videregående skole,nord-osterdal-videregaende-skole,,Innlandet,,videregående,,aktiv,
eo-skole-otta-ungdomsskole,Otta ungdomsskole,otta-ungdomsskole,,Innlandet,,ungdomsskole,,aktiv,
eo-skole-raufoss-videregaende-skole,Raufoss videregående skole,raufoss-videregaende-skole,,Innlandet,,videregående,,aktiv,
eo-skole-ringsaker-videregaende-skole,Ringsaker videregående skole,ringsaker-videregaende-skole,,Innlandet,,videregående,,aktiv,
eo-skole-sentrum-videregaende-skole,Sentrum videregående skole,sentrum-videregaende-skole,,Innlandet,,videregående,,aktiv,
eo-skole-solor-videregaende-skole-avd-flisa-klokkergarden-sonsterud-og-valer,"Solør videregående skole (avd. Flisa, Klokkergården, Sønsterud og Våler)",solor-videregaende-skole-avd-flisa-klokkergarden-sonsterud-og-valer,,Innlandet,,videregående,,aktiv,
eo-skole-stange-videregaende-skole,Stange videregående skole,stange-videregaende-skole,,Innlandet,,videregående,,aktiv,
eo-skole-steinerskolen-pa-hedemarken,Steinerskolen på Hedemarken,steinerskolen-pa-hedemarken,,Innlandet,,videregående,,aktiv,
eo-skole-storsteigen-videregaende-skole-avd-storsteigen-og-nordstumoen,Storsteigen videregående skole (avd Storsteigen og Nordstumoen),storsteigen-videregaende-skole-avd-storsteigen-og-nordstumoen,,Innlandet,,videregående,,aktiv,
eo-skole-trysil-videregaende-skole,Trysil videregående skole,trysil-videregaende-skole,,Innlandet,,videregående,,aktiv,
eo-skole-valdres-vidaregaande-skule,Valdres vidaregåande skule,valdres-vidaregaande-skule,,Innlandet,,videregående,,aktiv,
eo-skole-vinstra-vidaregaande-skule,Vinstra vidaregåande skule,vinstra-vidaregaande-skule,,Innlandet,,videregående,,aktiv,
eo-skole-aretta-ungdomsskole,Åretta ungdomsskole,aretta-ungdomsskole,,Innlandet,,ungdomsskole,,aktiv,
eo-skole-asnes-ungdomsskole,Åsnes ungdomsskole,asnes-ungdomsskole,,Innlandet,,ungdomsskole,,aktiv,
eo-skole-ovrebyen-videregaende-skole,Øvrebyen videregående skole,ovrebyen-videregaende-skole,,Innlandet,,videregående,,aktiv,
eo-skole-atlanten-videregaende,Atlanten videregående,atlanten-videregaende,,Møre og Romsdal,,videregående,,aktiv,
eo-skole-blindheim-ungdomsskole,Blindheim ungdomsskole,blindheim-ungdomsskole,,Møre og Romsdal,,ungdomsskole,,aktiv,
eo-skole-borgund-vidaregaande-skole,Borgund vidaregåande skole,borgund-vidaregaande-skole,,Møre og Romsdal,,videregående,,aktiv,
eo-skole-gjermundnes-vidaregaande-skule,Gjermundnes vidaregåande skule,gjermundnes-vidaregaande-skule,,Møre og Romsdal,,videregående,,aktiv,
eo-skole-haram-vidaregaande-skule,Haram vidaregåande skule,haram-vidaregaande-skule,,Møre og Romsdal,,videregående,,aktiv,
eo-skole-hareid-ungdomskule,Hareid ungdomskule,hareid-ungdomskule,,Møre og Romsdal,,ungdomsskole,,aktiv,
eo-skole-hustadvika-videregaende-skole,Hustadvika videregående skole,hustadvika-videregaende-skole,,Møre og Romsdal,,videregående,,aktiv,
eo-skole-kolvikbakken-ungdomsskole,Kolvikbakken ungdomsskole,kolvikbakken-ungdomsskole,,Møre og Romsdal,,ungdomsskole,,aktiv,
eo-skole-kristiansund-videregaende-skole,Kristiansund videregående skole,kristiansund-videregaende-skole,,Møre og Romsdal,,videregående,,aktiv,
eo-skole-molde-videregaende-skole,Molde videregående skole,molde-videregaende-skole,,Møre og Romsdal,,videregående,,aktiv,
eo-skole-myklebust-skule,Myklebust skule,myklebust-skule,,Møre og Romsdal,,ungdomsskole,,aktiv,
eo-skole-mandalen-skule,Måndalen skule,mandalen-skule,,Møre og Romsdal,,ungdomsskole,,aktiv,
eo-skole-rauma-videregaende-skole,Rauma Videregående skole,rauma-videregaende-skole,,Møre og Romsdal,,videregående,,aktiv,
eo-skole-romsdal-videregaende-skole,Romsdal videregående skole,romsdal-videregaende-skole,,Møre og Romsdal,,videregående,,aktiv,
eo-skole-skarbovik-ungdomsskole,Skarbøvik ungdomsskole,skarbovik-ungdomsskole,,Møre og Romsdal,,ungdomsskole,,aktiv,
eo-skole-spjelkavik-videregaende-skole,Spjelkavik videregående skole,spjelkavik-videregaende-skole,,Møre og Romsdal,,videregående,,aktiv,
eo-skole-stranda-vidaregaande-skule,Stranda vidaregåande skule,stranda-vidaregaande-skule,,Møre og Romsdal,,videregående,,aktiv,
eo-skole-sunndal-ungdomsskole,Sunndal ungdomsskole,sunndal-ungdomsskole,,Møre og Romsdal,,ungdomsskole,,aktiv,
eo-skole-sunndal-vidaregaande-skule,Sunndal vidaregåande skule,sunndal-vidaregaande-skule,,Møre og Romsdal,,videregående,,aktiv,
eo-skole-surnadal-vidaregaande-skule,Surnadal vidaregåande skule,surnadal-vidaregaande-skule,,Møre og Romsdal,,videregående,,aktiv,
eo-skole-sykkylven-vidaregaande-skule,Sykkylven vidaregåande skule,sykkylven-vidaregaande-skule,,Møre og Romsdal,,videregående,,aktiv,
eo-skole-tingvoll-vidaregaande-skule,Tingvoll vidaregåande skule,tingvoll-vidaregaande-skule,,Møre og Romsdal,,videregående,,aktiv,
eo-skole-ulstein-vidaregaande-skule,Ulstein vidaregåande skule,ulstein-vidaregaande-skule,,Møre og Romsdal,,videregående,,aktiv,
eo-skole-volda-vidaregaande-skule,Volda vidaregåande skule,volda-vidaregaande-skule,,Møre og Romsdal,,videregående,,aktiv,
eo-skole-afarnes-barne-og-ungdomsskole,Åfarnes barne- og ungdomsskole,afarnes-barne-og-ungdomsskole,,Møre og Romsdal,,ungdomsskole,,aktiv,
eo-skole-alesund-videregaende-skole-avd-fagerlia,"Ålesund videregående skole, avd. Fagerlia",alesund-videregaende-skole-avd-fagerlia,,Møre og Romsdal,,videregående,,aktiv,
eo-skole-alesund-videregaende-skole-avd-latinskolen,"Ålesund videregående skole, avd. Latinskolen",alesund-videregaende-skole-avd-latinskolen,,Møre og Romsdal,,videregående,,aktiv,
eo-skole-alesund-videregaende-skole-avd-volsdalsberga,"Ålesund videregående skole, avd. Volsdalsberga",alesund-videregaende-skole-avd-volsdalsberga,,Møre og Romsdal,,videregående,,aktiv,
eo-skole-orsta-vidaregaande-skule,Ørsta vidaregåande skule,orsta-vidaregaande-skule,,Møre og Romsdal,,videregående,,aktiv,
eo-skole-alstad-ungdomsskole,Alstad ungdomsskole,alstad-ungdomsskole,,Nordland,,ungdomsskole,,aktiv,
eo-skole-andoy-videregaende-skole,Andøy videregående skole,andoy-videregaende-skole,,Nordland,,videregående,,aktiv,
eo-skole-aust-lofoten-videregaende-skole,Aust-Lofoten videregående skole,aust-lofoten-videregaende-skole,,Nordland,,videregående,,aktiv,
eo-skole-ballangen-skole,Ballangen skole,ballangen-skole,,Nordland,,ungdomsskole,,aktiv,
eo-skole-bodin-videregaende-skole-og-maritime-fagskole,Bodin videregående skole og Maritime Fagskole,bodin-videregaende-skole-og-maritime-fagskole,,Nordland,,videregående,,aktiv,
eo-skole-bodo-videregaende-skole,Bodø videregående skole,bodo-videregaende-skole,,Nordland,,videregående,,aktiv,
eo-skole-bronnoysund-videregaende-skole,Brønnøysund videregående skole,bronnoysund-videregaende-skole,,Nordland,,videregående,,aktiv,
eo-skole-enga-skole,Enga skole,enga-skole,,Nordland,,ungdomsskole,,aktiv,
eo-skole-fauske-videregaende-skole-avd-vestmyra,"Fauske videregående skole, avd Vestmyra",fauske-videregaende-skole-avd-vestmyra,,Nordland,,videregående,,aktiv,
eo-skole-grane-barne-og-ungdomsskole,Grane barne- og ungdomsskole,grane-barne-og-ungdomsskole,,Nordland,,ungdomsskole,,aktiv,
eo-skole-hadsel-videregaende-skole-avd-melbu,"Hadsel videregående skole, avd Melbu",hadsel-videregaende-skole-avd-melbu,,Nordland,,videregående,,aktiv,
eo-skole-hadsel-videregaende-skole-avd-stokmarknes,"Hadsel videregående skole, avd Stokmarknes",hadsel-videregaende-skole-avd-stokmarknes,,Nordland,,videregående,,aktiv,
eo-skole-hemnes-sentralskole,Hemnes Sentralskole,hemnes-sentralskole,,Nordland,,ungdomsskole,,aktiv,
eo-skole-henningsvaer-skole,Henningsvær skole,henningsvaer-skole,,Nordland,,ungdomsskole,,aktiv,
eo-skole-heroy-skole,Herøy skole,heroy-skole,,Nordland,,ungdomsskole,,aktiv,
eo-skole-hilstad-barne-og-ungdomsskole,Hilstad barne- og ungdomsskole,hilstad-barne-og-ungdomsskole,,Nordland,,ungdomsskole,,aktiv,
eo-skole-hunstad-ungdomsskole,Hunstad ungdomsskole,hunstad-ungdomsskole,,Nordland,,ungdomsskole,,aktiv,
eo-skole-husoy-skole,Husøy skole,husoy-skole,,Nordland,,ungdomsskole,,aktiv,
eo-skole-inndyr-skole,Inndyr skole,inndyr-skole,,Nordland,,ungdomsskole,,aktiv,
eo-skole-kabelvag-ungdomsskole,Kabelvåg ungdomsskole,kabelvag-ungdomsskole,,Nordland,,ungdomsskole,,aktiv,
eo-skole-kippermoen-ungdomsskole,Kippermoen Ungdomsskole,kippermoen-ungdomsskole,,Nordland,,ungdomsskole,,aktiv,
eo-skole-knut-hamsun-videregaende-skole-avd-joarkkaskavlla-og-steigen,Knut Hamsun videregående skole (avd Joarkkaskåvllå og Steigen),knut-hamsun-videregaende-skole-avd-joarkkaskavlla-og-steigen,,Nordland,,videregående,,aktiv,
eo-skole-korgen-sentralskole,Korgen Sentralskole,korgen-sentralskole,,Nordland,,ungdomsskole,,aktiv,
eo-skole-kristen-videregaende-skole-nordland,Kristen videregående skole Nordland,kristen-videregaende-skole-nordland,,Nordland,,videregående,,aktiv,
eo-skole-lopsmark-skole,Løpsmark skole,lopsmark-skole,,Nordland,,ungdomsskole,,aktiv,
eo-skole-melbu-skole,Melbu skole,melbu-skole,,Nordland,,ungdomsskole,,aktiv,
eo-skole-meloy-videregaende-skole-avd-glomfjord-inndyr-og-ornes-ett-elevrad,"Meløy videregående skole, avd Glomfjord, Inndyr og Ørnes. Ett elevråd.",meloy-videregaende-skole-avd-glomfjord-inndyr-og-ornes-ett-elevrad,,Nordland,,videregående,,aktiv,
eo-skole-mosjoen-videregaende-skole-tre-avdelinger-med-ett-elevrad,Mosjøen videregående skole Tre avdelinger med ett elevråd.,mosjoen-videregaende-skole-tre-avdelinger-med-ett-elevrad,,Nordland,,videregående,,aktiv,
eo-skole-narvik-videregaende-skole-avd-frydenlund,"Narvik videregående skole, avd Frydenlund",narvik-videregaende-skole-avd-frydenlund,,Nordland,,videregående,,aktiv,
eo-skole-narvik-videregaende-skole-avd-oscarsborg,"Narvik videregående skole, avd Oscarsborg",narvik-videregaende-skole-avd-oscarsborg,,Nordland,,videregående,,aktiv,
eo-skole-narvik-videregaende-skole-avd-solhaugen,"Narvik videregående skole, avd Solhaugen",narvik-videregaende-skole-avd-solhaugen,,Nordland,,videregående,,aktiv,
eo-skole-polarsirkelen-videregaende-skole,Polarsirkelen videregående skole,polarsirkelen-videregaende-skole,,Nordland,,videregående,,aktiv,
eo-skole-saltdal-videregaende-skole,Saltdal videregående skole,saltdal-videregaende-skole,,Nordland,,videregående,,aktiv,
eo-skole-sandnessjoen-videregaende-skole,Sandnessjøen videregående skole,sandnessjoen-videregaende-skole,,Nordland,,videregående,,aktiv,
eo-skole-sortland-videregaende-skole-avd-sortland-og-kleiva,"Sortland videregående skole, avd Sortland og Kleiva",sortland-videregaende-skole-avd-sortland-og-kleiva,,Nordland,,videregående,,aktiv,
eo-skole-sortland-videregaende-skole-avd-oksnes,"Sortland videregående skole, avd Øksnes",sortland-videregaende-skole-avd-oksnes,,Nordland,,videregående,,aktiv,
eo-skole-svolvaer-skole,Svolvær skole,svolvaer-skole,,Nordland,,ungdomsskole,,aktiv,
eo-skole-tverlandet-skole,Tverlandet skole,tverlandet-skole,,Nordland,,ungdomsskole,,aktiv,
eo-skole-utskarpen-barne-og-ungdomsskole,Utskarpen barne- og ungdomsskole,utskarpen-barne-og-ungdomsskole,,Nordland,,ungdomsskole,,aktiv,
eo-skole-vega-barne-og-ungdomsskole,Vega barne- og ungdomsskole,vega-barne-og-ungdomsskole,,Nordland,,ungdomsskole,,aktiv,
eo-skole-vest-lofoten-videregaende-skole,Vest-Lofoten videregående skole,vest-lofoten-videregaende-skole,,Nordland,,videregående,,aktiv,
eo-skole-ornes-skole,Ørnes skole,ornes-skole,,Nordland,,ungdomsskole,,aktiv,
eo-skole-apallokka-skole,Apalløkka skole,apallokka-skole,,Oslo,,ungdomsskole,,aktiv,
eo-skole-bjornholt-ungdomsskole,Bjørnholt ungdomsskole,bjornholt-ungdomsskole,,Oslo,,ungdomsskole,,aktiv,
eo-skole-bjornholt-videregaende-skole,Bjørnholt videregående skole,bjornholt-videregaende-skole,,Oslo,,videregående,,aktiv,
eo-skole-blindern-videregaende-skole,Blindern videregående skole,blindern-videregaende-skole,,Oslo,,videregående,,aktiv,
eo-skole-brannfjell-skole,Brannfjell skole,brannfjell-skole,,Oslo,,ungdomsskole,,aktiv,
eo-skole-boler-skole,Bøler skole,boler-skole,,Oslo,,ungdomsskole,,aktiv,
eo-skole-edvard-munch-videregaende-skole,Edvard Munch videregående skole,edvard-munch-videregaende-skole,,Oslo,,videregående,,aktiv,
eo-skole-ellingsrud-skole,Ellingsrud skole,ellingsrud-skole,,Oslo,,ungdomsskole,,aktiv,
eo-skole-elvebakken-videregaende-skole,Elvebakken videregående skole,elvebakken-videregaende-skole,,Oslo,,videregående,,aktiv,
eo-skole-etterstad-videregaende-skole,Etterstad videregående skole,etterstad-videregaende-skole,,Oslo,,videregående,,aktiv,
eo-skole-fagerborg-skole,Fagerborg skole,fagerborg-skole,,Oslo,,ungdomsskole,,aktiv,
eo-skole-foss-videregaende-skole,Foss videregående skole,foss-videregaende-skole,,Oslo,,videregående,,aktiv,
eo-skole-frydenberg-skole,Frydenberg skole,frydenberg-skole,,Oslo,,ungdomsskole,,aktiv,
eo-skole-fyrstikkalleen-skole-ungdomsskole,"Fyrstikkalleén skole, ungdomsskole",fyrstikkalleen-skole-ungdomsskole,,Oslo,,ungdomsskole,,aktiv,
eo-skole-fyrstikkalleen-skole-videregaende-skole,"Fyrstikkalleén skole, videregående skole",fyrstikkalleen-skole-videregaende-skole,,Oslo,,videregående,,aktiv,
eo-skole-groruddalen,Groruddalen,groruddalen,,Oslo,,videregående,,aktiv,
eo-skole-hartvig-nissens-videregaende-skole,Hartvig Nissens videregående skole,hartvig-nissens-videregaende-skole,,Oslo,,videregående,,aktiv,
eo-skole-haugerud-skole,Haugerud skole,haugerud-skole,,Oslo,,ungdomsskole,,aktiv,
eo-skole-hauketo-skole,Hauketo skole,hauketo-skole,,Oslo,,ungdomsskole,,aktiv,
eo-skole-hellerud-videregaende-skole,Hellerud videregående skole,hellerud-videregaende-skole,,Oslo,,videregående,,aktiv,
eo-skole-heltberg-private-gymnas-ulleval,Heltberg Private Gymnas (Ullevål),heltberg-private-gymnas-ulleval,,Oslo,,videregående,,aktiv,
eo-skole-hersleb-videregaende-skole,Hersleb videregående skole,hersleb-videregaende-skole,,Oslo,,videregående,,aktiv,
eo-skole-holmlia-skole,Holmlia skole,holmlia-skole,,Oslo,,ungdomsskole,,aktiv,
eo-skole-hovseter-skole,Hovseter skole,hovseter-skole,,Oslo,,ungdomsskole,,aktiv,
eo-skole-jordal-skole,Jordal skole,jordal-skole,,Oslo,,ungdomsskole,,aktiv,
eo-skole-kongsskogen-videregaende-skole,Kongsskogen videregående skole,kongsskogen-videregaende-skole,,Oslo,,videregående,,aktiv,
eo-skole-kuben-videregaende-skole,Kuben videregående skole,kuben-videregaende-skole,,Oslo,,videregående,,aktiv,
eo-skole-lambertseter-grunnskole,Lambertseter grunnskole,lambertseter-grunnskole,,Oslo,,ungdomsskole,,aktiv,
eo-skole-lambertseter-videregaende-skole,Lambertseter videregående skole,lambertseter-videregaende-skole,,Oslo,,videregående,,aktiv,
eo-skole-lofsrud-skole,Lofsrud skole,lofsrud-skole,,Oslo,,ungdomsskole,,aktiv,
eo-skole-marienlyst-skole,Marienlyst skole,marienlyst-skole,,Oslo,,ungdomsskole,,aktiv,
eo-skole-midtstuen-skole,Midtstuen skole,midtstuen-skole,,Oslo,,ungdomsskole,,aktiv,
eo-skole-natur-videregaende-skole,Natur videregående skole,natur-videregaende-skole,,Oslo,,videregående,,aktiv,
eo-skole-nordberg-skole,Nordberg skole,nordberg-skole,,Oslo,,ungdomsskole,,aktiv,
eo-skole-nydalen-videregaende-skole,Nydalen videregående skole,nydalen-videregaende-skole,,Oslo,,videregående,,aktiv,
eo-skole-nyskolen-i-oslo,Nyskolen i Oslo,nyskolen-i-oslo,,Oslo,,ungdomsskole,,aktiv,
eo-skole-oppsal-skole,Oppsal skole,oppsal-skole,,Oslo,,ungdomsskole,,aktiv,
eo-skole-oslo-by-steinerskole,Oslo By Steinerskole,oslo-by-steinerskole,,Oslo,,videregående,,aktiv,
eo-skole-oslo-katedralskole,Oslo Katedralskole,oslo-katedralskole,,Oslo,,videregående,,aktiv,
eo-skole-persbraten-videregaende-skole,Persbråten videregående skole,persbraten-videregaende-skole,,Oslo,,videregående,,aktiv,
eo-skole-ris-skole,Ris skole,ris-skole,,Oslo,,ungdomsskole,,aktiv,
eo-skole-rudolf-steinerskolen-i-oslo,Rudolf Steinerskolen i Oslo,rudolf-steinerskolen-i-oslo,,Oslo,,ungdomsskole,,aktiv,
eo-skole-ruselokka-skole,Ruseløkka skole,ruselokka-skole,,Oslo,,ungdomsskole,,aktiv,
eo-skole-sagene-skole,Sagene skole,sagene-skole,,Oslo,,ungdomsskole,,aktiv,
eo-skole-skullerud-skole,Skullerud skole,skullerud-skole,,Oslo,,ungdomsskole,,aktiv,
eo-skole-skoyenasen-skole,Skøyenåsen skole,skoyenasen-skole,,Oslo,,ungdomsskole,,aktiv,
eo-skole-sofienberg-skole,Sofienberg skole,sofienberg-skole,,Oslo,,ungdomsskole,,aktiv,
eo-skole-sollerudstranda-skole,Sollerudstranda skole,sollerudstranda-skole,,Oslo,,ungdomsskole,,aktiv,
eo-skole-st-sunniva-skole,St. Sunniva skole,st-sunniva-skole,,Oslo,,ungdomsskole,,aktiv,
eo-skole-stasjonsfjellet-skole,Stasjonsfjellet skole,stasjonsfjellet-skole,,Oslo,,ungdomsskole,,aktiv,
eo-skole-stiftelsen-den-tyske-skoleforening-i-norge,Stiftelsen Den Tyske Skoleforening i Norge,stiftelsen-den-tyske-skoleforening-i-norge,,Oslo,,ungdomsskole,,aktiv,
eo-skole-stovner-videregaende-skole,Stovner videregående skole,stovner-videregaende-skole,,Oslo,,videregående,,aktiv,
eo-skole-ullern-videregaende-skole,Ullern videregående skole,ullern-videregaende-skole,,Oslo,,videregående,,aktiv,
eo-skole-ulsrud-videregaende-skole,Ulsrud videregående skole,ulsrud-videregaende-skole,,Oslo,,videregående,,aktiv,
eo-skole-vika-videregaende-skole,Vika videregående skole,vika-videregaende-skole,,Oslo,,videregående,,aktiv,
eo-skole-oraker-skole,Øraker skole,oraker-skole,,Oslo,,ungdomsskole,,aktiv,
eo-skole-akademiet-videregaende-skole-sandes,Akademiet Videregående skole Sandes,akademiet-videregaende-skole-sandes,,Rogaland,,videregående,,aktiv,
eo-skole-bergeland-videregaende-skole,Bergeland videregående skole,bergeland-videregaende-skole,,Rogaland,,videregående,,aktiv,
eo-skole-bokn-skule,Bokn skule,bokn-skule,,Rogaland,,ungdomsskole,,aktiv,
eo-skole-bryne-videregaende-skole,Bryne videregående skole,bryne-videregaende-skole,,Rogaland,,videregående,,aktiv,
eo-skole-dalane-videregaende-skole,Dalane videregående skole,dalane-videregaende-skole,,Rogaland,,videregående,,aktiv,
eo-skole-forsand-skule,Forsand skule,forsand-skule,,Rogaland,,ungdomsskole,,aktiv,
eo-skole-godalen-videregaende-skole,Godalen videregående skole,godalen-videregaende-skole,,Rogaland,,videregående,,aktiv,
eo-skole-haugaland-videregaende-skole,Haugaland videregående skole,haugaland-videregaende-skole,,Rogaland,,videregående,,aktiv,
eo-skole-hetland-videregaende-skole,Hetland videregående skole,hetland-videregaende-skole,,Rogaland,,videregående,,aktiv,
eo-skole-hjelmeland-skule,Hjelmeland skule,hjelmeland-skule,,Rogaland,,ungdomsskole,,aktiv,
eo-skole-jatta-videregaende-skole,Jåttå videregående skole,jatta-videregaende-skole,,Rogaland,,videregående,,aktiv,
eo-skole-kopervik-videregaende-skole,Kopervik videregående skole,kopervik-videregaende-skole,,Rogaland,,videregående,,aktiv,
eo-skole-randaberg-videregaende-skole,Randaberg videregående skole,randaberg-videregaende-skole,,Rogaland,,videregående,,aktiv,
eo-skole-sandnes-videregaende-skole,Sandnes videregående skole,sandnes-videregaende-skole,,Rogaland,,videregående,,aktiv,
eo-skole-sauda-videregaende-skole-avd-birkeland-hovudskulen-og-sand,"Sauda videregående skole (avd Birkeland, Hovudskulen og Sand)",sauda-videregaende-skole-avd-birkeland-hovudskulen-og-sand,,Rogaland,,videregående,,aktiv,
eo-skole-skeisvang-vgs,Skeisvang VGS,skeisvang-vgs,,Rogaland,,videregående,,aktiv,
eo-skole-skoleskipet-gann,Skoleskipet Gann,skoleskipet-gann,,Rogaland,,videregående,,aktiv,
eo-skole-st-olav-videregaende-skole,St Olav videregående skole,st-olav-videregaende-skole,,Rogaland,,videregående,,aktiv,
eo-skole-stavanger-katedralskole,Stavanger katedralskole,stavanger-katedralskole,,Rogaland,,videregående,,aktiv,
eo-skole-strand-videregaende-skole,Strand videregående skole,strand-videregaende-skole,,Rogaland,,videregående,,aktiv,
eo-skole-vardafjell-videregaende-skole,Vardafjell videregående skole,vardafjell-videregaende-skole,,Rogaland,,videregående,,aktiv,
eo-skole-vagen-videregaende-skole,Vågen videregående skole,vagen-videregaende-skole,,Rogaland,,videregående,,aktiv,
eo-skole-oksnevad-videregaende-skole,Øksnevad videregående skole,oksnevad-videregaende-skole,,Rogaland,,videregående,,aktiv,
eo-skole-olen-videregaende-skole,Ølen videregående skole,olen-videregaende-skole,,Rogaland,,videregående,,aktiv,
eo-skole-oygard-ungdomsskole,Øygard ungdomsskole,oygard-ungdomsskole,,Rogaland,,ungdomsskole,,aktiv,
eo-skole-bamble-videregaende-skole,Bamble videregående skole,bamble-videregaende-skole,,Telemark,,videregående,,aktiv,
eo-skole-bamble-videregaende-skole-avd-croftholmen-og-grasmyr,Bamble videregående skole (avd. Croftholmen og Grasmyr),bamble-videregaende-skole-avd-croftholmen-og-grasmyr,,Telemark,,videregående,,aktiv,
eo-skole-bo-ungdomsskule,Bø ungdomsskule,bo-ungdomsskule,,Telemark,,ungdomsskole,,aktiv,
eo-skole-bo-videregaande-skule,Bø videregåande skule,bo-videregaande-skule,,Telemark,,videregående,,aktiv,
eo-skole-hjalmar-johansen-videregaende-skole,Hjalmar Johansen videregående skole,hjalmar-johansen-videregaende-skole,,Telemark,,videregående,,aktiv,
eo-skole-kragero-videregaende-skole,Kragerø videregående skole,kragero-videregaende-skole,,Telemark,,videregående,,aktiv,
eo-skole-maela-ungdomsskole,Mæla ungdomsskole,maela-ungdomsskole,,Telemark,,ungdomsskole,,aktiv,
eo-skole-nome-videregaende-skole-avd-lunde,"Nome videregående skole, avd Lunde",nome-videregaende-skole-avd-lunde,,Telemark,,videregående,,aktiv,
eo-skole-nome-videregaende-skole-avd-sove,"Nome videregående skole, avd Søve",nome-videregaende-skole-avd-sove,,Telemark,,videregående,,aktiv,
eo-skole-notodden-videregaende-skole,Notodden videregående skole,notodden-videregaende-skole,,Telemark,,videregående,,aktiv,
eo-skole-rjukan-videregaende-skole,Rjukan videregående skole,rjukan-videregaende-skole,,Telemark,,videregående,,aktiv,
eo-skole-skien-videregaende-skole,Skien videregående skole,skien-videregaende-skole,,Telemark,,videregående,,aktiv,
eo-skole-stiftelsen-toppidrettsgymnaset-i-telemark,Stiftelsen Toppidrettsgymnaset i Telemark,stiftelsen-toppidrettsgymnaset-i-telemark,,Telemark,,videregående,,aktiv,
eo-skole-telemark-toppidrett-ungdomsskole-skien,Telemark Toppidrett Ungdomsskole Skien,telemark-toppidrett-ungdomsskole-skien,,Telemark,,ungdomsskole,,aktiv,
eo-skole-vest-telemark-videregaende-skole-avd-dalen-og-seljord,"Vest-Telemark videregående skole, avd Dalen og Seljord",vest-telemark-videregaende-skole-avd-dalen-og-seljord,,Telemark,,videregående,,aktiv,
eo-skole-bardu-ungdomsskole,Bardu ungdomsskole,bardu-ungdomsskole,,Troms,,ungdomsskole,,aktiv,
eo-skole-bardufoss-hogtun-videregaende-skole-avd-bardufoss-og-hogtun,Bardufoss Høgtun videregående skole (avd Bardufoss og Høgtun),bardufoss-hogtun-videregaende-skole-avd-bardufoss-og-hogtun,,Troms,,videregående,,aktiv,
eo-skole-bardufoss-ungdomsskole,Bardufoss ungdomsskole,bardufoss-ungdomsskole,,Troms,,ungdomsskole,,aktiv,
eo-skole-botnhamn-skole,Botnhamn skole,botnhamn-skole,,Troms,,ungdomsskole,,aktiv,
eo-skole-breivang-videregaende-skole,Breivang videregående skole,breivang-videregaende-skole,,Troms,,videregående,,aktiv,
eo-skole-finnsnes-ungdomsskole,Finnsnes ungdomsskole,finnsnes-ungdomsskole,,Troms,,ungdomsskole,,aktiv,
eo-skole-gibostad-barne-og-ungdomsskole,Gibostad barne- og ungdomsskole,gibostad-barne-og-ungdomsskole,,Troms,,ungdomsskole,,aktiv,
eo-skole-hagebyen-skole,Hagebyen skole,hagebyen-skole,,Troms,,ungdomsskole,,aktiv,
eo-skole-hansnes-barne-og-ungdomsskole,Hansnes barne- og ungdomsskole,hansnes-barne-og-ungdomsskole,,Troms,,ungdomsskole,,aktiv,
eo-skole-heggen-videregaende-skole,Heggen videregående skole,heggen-videregaende-skole,,Troms,,videregående,,aktiv,
eo-skole-hillesoyskolen-brensholmen-skole,Hillesøyskolen - Brensholmen skole,hillesoyskolen-brensholmen-skole,,Troms,,ungdomsskole,,aktiv,
eo-skole-ishavsbyen-videregaende-skole,Ishavsbyen videregående skole,ishavsbyen-videregaende-skole,,Troms,,videregående,,aktiv,
eo-skole-kongsbakken-videregaende-skole,Kongsbakken videregående skole,kongsbakken-videregaende-skole,,Troms,,videregående,,aktiv,
eo-skole-kvaloya-videregaende-skole,Kvaløya videregående skole,kvaloya-videregaende-skole,,Troms,,videregående,,aktiv,
eo-skole-lavangen-skole,Lavangen skole,lavangen-skole,,Troms,,ungdomsskole,,aktiv,
eo-skole-longyearbyen-skole-grunnskole,"Longyearbyen skole, grunnskole",longyearbyen-skole-grunnskole,,Troms,,ungdomsskole,,aktiv,
eo-skole-longyearbyen-skole-videregaende-skole,"Longyearbyen skole, videregående skole",longyearbyen-skole-videregaende-skole,,Troms,,videregående,,aktiv,
eo-skole-malangen-skole,Malangen skole,malangen-skole,,Troms,,ungdomsskole,,aktiv,
eo-skole-manndalen-skole,Manndalen skole,manndalen-skole,,Troms,,ungdomsskole,,aktiv,
eo-skole-nord-troms-videregaende-skole-avd-nordreisa-og-skjervoy,Nord-Troms videregående skole (avd. Nordreisa og Skjervøy),nord-troms-videregaende-skole-avd-nordreisa-og-skjervoy,,Troms,,videregående,,aktiv,
eo-skole-nordborg-videregaende-skole,Nordborg videregående skole,nordborg-videregaende-skole,,Troms,,videregående,,aktiv,
eo-skole-nordkjosbotn-videregaende-skole,Nordkjosbotn videregående skole,nordkjosbotn-videregaende-skole,,Troms,,videregående,,aktiv,
eo-skole-salangen-skole,Salangen skole,salangen-skole,,Troms,,videregående,,aktiv,
eo-skole-sand-skole,Sand skole,sand-skole,,Troms,,ungdomsskole,,aktiv,
eo-skole-seljestad-ungdomskole,Seljestad Ungdomskole,seljestad-ungdomskole,,Troms,,ungdomsskole,,aktiv,
eo-skole-senja-videregaende-skole-avd-finnfjordbotn,"Senja videregående skole, avd. Finnfjordbotn",senja-videregaende-skole-avd-finnfjordbotn,,Troms,,ungdomsskole,,aktiv,
eo-skole-senja-videregaende-skole-avd-gibostad,"Senja videregående skole, avd. Gibostad",senja-videregaende-skole-avd-gibostad,,Troms,,ungdomsskole,,aktiv,
eo-skole-sjovegan-videregaende-skole,Sjøvegan videregående skole,sjovegan-videregaende-skole,,Troms,,ungdomsskole,,aktiv,
eo-skole-sommerlyst-skole,Sommerlyst skole,sommerlyst-skole,,Troms,,ungdomsskole,,aktiv,
eo-skole-stangnes-ra-videregaende-skole,Stangnes Rå videregående skole,stangnes-ra-videregaende-skole,,Troms,,videregående,,aktiv,
eo-skole-sorreisa-sentralskole,Sørreisa sentralskole,sorreisa-sentralskole,,Troms,,ungdomsskole,,aktiv,
eo-skole-tromsdalen-videregaende-skole,Tromsdalen videregående skole,tromsdalen-videregaende-skole,,Troms,,videregående,,aktiv,
eo-skole-tromstun-skole,Tromstun skole,tromstun-skole,,Troms,,videregående,,aktiv,
eo-skole-aglo-videregaende-skole,Aglo videregående skole,aglo-videregaende-skole,,Trøndelag,,videregående,,aktiv,
eo-skole-bybroen-videregaende-skole-as,Bybroen videregående skole AS,bybroen-videregaende-skole-as,,Trøndelag,,videregående,,aktiv,
eo-skole-byasen-videregaende-skole,Byåsen videregående skole,byasen-videregaende-skole,,Trøndelag,,videregående,,aktiv,
eo-skole-charlottenlund-ungdomsskole,Charlottenlund ungdomsskole,charlottenlund-ungdomsskole,,Trøndelag,,ungdomsskole,,aktiv,
eo-skole-charlottenlund-videregaende-skole,Charlottenlund videregående skole,charlottenlund-videregaende-skole,,Trøndelag,,videregående,,aktiv,
eo-skole-fosen-videregaende-skole,Fosen videregående skole,fosen-videregaende-skole,,Trøndelag,,videregående,,aktiv,
eo-skole-gauldal-videregaende-skole,Gauldal videregående skole,gauldal-videregaende-skole,,Trøndelag,,videregående,,aktiv,
eo-skole-grong-ungdomsskole,Grong Ungdomsskole,grong-ungdomsskole,,Trøndelag,,ungdomsskole,,aktiv,
eo-skole-grong-videregaende-skole,Grong videregående skole,grong-videregaende-skole,,Trøndelag,,videregående,,aktiv,
eo-skole-guri-kunna-videregaende-skole-avd-froya-og-hitra,Guri Kunna videregående skole (avd. Frøya og Hitra),guri-kunna-videregaende-skole-avd-froya-og-hitra,,Trøndelag,,videregående,,aktiv,
eo-skole-halsen-ungdomsskole,Halsen ungdomsskole,halsen-ungdomsskole,,Trøndelag,,ungdomsskole,,aktiv,
eo-skole-heimdal-videregaende-skole,Heimdal videregående skole,heimdal-videregaende-skole,,Trøndelag,,videregående,,aktiv,
eo-skole-inderoy-videregaende-skole,Inderøy videregående skole,inderoy-videregaende-skole,,Trøndelag,,videregående,,aktiv,
eo-skole-johan-bojer-videregaende-skole,Johan Bojer videregående skole,johan-bojer-videregaende-skole,,Trøndelag,,videregående,,aktiv,
eo-skole-kyrksaeterora-videregaende-skole,Kyrksæterøra videregående skole,kyrksaeterora-videregaende-skole,,Trøndelag,,videregående,,aktiv,
eo-skole-lauvsnes-skole,Lauvsnes skole,lauvsnes-skole,,Trøndelag,,ungdomsskole,,aktiv,
eo-skole-levanger-videregaende-skole,Levanger videregående skole,levanger-videregaende-skole,,Trøndelag,,videregående,,aktiv,
eo-skole-malvik-videregaende-skole,Malvik videregående skole,malvik-videregaende-skole,,Trøndelag,,videregående,,aktiv,
eo-skole-meldal-videregaende-skole,Meldal videregående skole,meldal-videregaende-skole,,Trøndelag,,videregående,,aktiv,
eo-skole-melhus-videregaende-skole,Melhus videregående skole,melhus-videregaende-skole,,Trøndelag,,videregående,,aktiv,
eo-skole-meraker-videregaende-skole,Meråker videregående skole,meraker-videregaende-skole,,Trøndelag,,videregående,,aktiv,
eo-skole-maere-landbruksskole,Mære landbruksskole,maere-landbruksskole,,Trøndelag,,videregående,,aktiv,
eo-skole-olav-duun-videregaende-skole,Olav Duun videregående skole,olav-duun-videregaende-skole,,Trøndelag,,videregående,,aktiv,
eo-skole-ole-vig-videregaende-skole,Ole Vig videregående skole,ole-vig-videregaende-skole,,Trøndelag,,videregående,,aktiv,
eo-skole-oppdal-videregaende-skole,Oppdal videregående skole,oppdal-videregaende-skole,,Trøndelag,,videregående,,aktiv,
eo-skole-orkdal-videregaende-skole,Orkdal videregående skole,orkdal-videregaende-skole,,Trøndelag,,videregående,,aktiv,
eo-skole-roros-videregaende-skole,Røros videregående skole,roros-videregaende-skole,,Trøndelag,,videregående,,aktiv,
eo-skole-skjetlein-videregaende-skole,Skjetlein videregående skole,skjetlein-videregaende-skole,,Trøndelag,,videregående,,aktiv,
eo-skole-steinerskolen-i-trondheim-grunnskole,"Steinerskolen i Trondheim, grunnskole",steinerskolen-i-trondheim-grunnskole,,Trøndelag,,ungdomsskole,,aktiv,
eo-skole-steinerskolen-pa-rotvoll,Steinerskolen på Rotvoll,steinerskolen-pa-rotvoll,,Trøndelag,,ungdomsskole,,aktiv,
eo-skole-steinkjer-montessoriskole,Steinkjer montessoriskole,steinkjer-montessoriskole,,Trøndelag,,ungdomsskole,,aktiv,
eo-skole-steinkjer-videregaende-skole,Steinkjer videregående skole,steinkjer-videregaende-skole,,Trøndelag,,videregående,,aktiv,
eo-skole-strinda-videregaende-skole,Strinda videregående skole,strinda-videregaende-skole,,Trøndelag,,videregående,,aktiv,
eo-skole-thora-storm-videregaende-skole,Thora Storm videregående skole,thora-storm-videregaende-skole,,Trøndelag,,videregående,,aktiv,
eo-skole-tiller-videregaende-skole,Tiller videregående skole,tiller-videregaende-skole,,Trøndelag,,videregående,,aktiv,
eo-skole-trondheim-international-school,Trondheim International School,trondheim-international-school,,Trøndelag,,ungdomsskole,,aktiv,
eo-skole-trondheim-katedralskole,Trondheim Katedralskole,trondheim-katedralskole,,Trøndelag,,videregående,,aktiv,
eo-skole-verdal-videregaende-skole,Verdal videregående skole,verdal-videregaende-skole,,Trøndelag,,videregående,,aktiv,
eo-skole-vikhammer-ungdomsskole,Vikhammer ungdomsskole,vikhammer-ungdomsskole,,Trøndelag,,ungdomsskole,,aktiv,
eo-skole-ytre-namdal-videregaende-skole,Ytre Namdal videregående skole,ytre-namdal-videregaende-skole,,Trøndelag,,videregående,,aktiv,
eo-skole-afjord-videregaende-skole,Åfjord videregående skole,afjord-videregaende-skole,,Trøndelag,,videregående,,aktiv,
eo-skole-arlivoll-skole,Årlivoll skole,arlivoll-skole,,Trøndelag,,ungdomsskole,,aktiv,
eo-skole-oya-videregaende-skole,Øya videregående skole,oya-videregaende-skole,,Trøndelag,,videregående,,aktiv,
eo-skole-faerder-videregaende-skole,Færder videregående skole,faerder-videregaende-skole,,Vestfold,,videregående,,aktiv,
eo-skole-greveskogen-videregaende-skole,Greveskogen videregående skole,greveskogen-videregaende-skole,,Vestfold,,videregående,,aktiv,
eo-skole-holmestrand-videregaende-skole,Holmestrand videregående skole,holmestrand-videregaende-skole,,Vestfold,,videregående,,aktiv,
eo-skole-notteroy-videregaende-skole,Nøtterøy videregående skole,notteroy-videregaende-skole,,Vestfold,,videregående,,aktiv,
eo-skole-revetal-ungdomsskole,Revetal ungdomsskole,revetal-ungdomsskole,,Vestfold,,ungdomsskole,,aktiv,
eo-skole-sande-videregaende-skole,Sande Videregående skole,sande-videregaende-skole,,Vestfold,,videregående,,aktiv,
eo-skole-steinerskolen-i-vestfold-grunnskolen-pa-notteroy,Steinerskolen i Vestfold - Grunnskolen på Nøtterøy,steinerskolen-i-vestfold-grunnskolen-pa-notteroy,,Vestfold,,ungdomsskole,,aktiv,
eo-skole-steinerskolen-i-vestfold-slottsfjellet-videregaende,Steinerskolen i Vestfold - Slottsfjellet videregående,steinerskolen-i-vestfold-slottsfjellet-videregaende,,Vestfold,,videregående,,aktiv,
eo-skole-teigar-ungdomsskole,Teigar ungdomsskole,teigar-ungdomsskole,,Vestfold,,ungdomsskole,,aktiv,
eo-skole-tjodalyng-skole,Tjodalyng skole,tjodalyng-skole,,Vestfold,,ungdomsskole,,aktiv,
eo-skole-amalie-skram-videregaende-skole,Amalie Skram videregående skole,amalie-skram-videregaende-skole,,Vestland,,videregående,,aktiv,
eo-skole-arna-vidaregaande-skule,Arna vidaregåande skule,arna-vidaregaande-skule,,Vestland,,videregående,,aktiv,
eo-skole-askvoll-skule,Askvoll skule,askvoll-skule,,Vestland,,ungdomsskole,,aktiv,
eo-skole-askoy-videregaende-skole,Askøy videregående skole,askoy-videregaende-skole,,Vestland,,videregående,,aktiv,
eo-skole-austevoll-vidaregaande-skule,Austevoll vidaregåande skule,austevoll-vidaregaande-skule,,Vestland,,videregående,,aktiv,
eo-skole-austrheim-vidaregaande-skule,Austrheim vidaregåande skule,austrheim-vidaregaande-skule,,Vestland,,videregående,,aktiv,
eo-skole-bergen-katedralskole,Bergen katedralskole,bergen-katedralskole,,Vestland,,videregående,,aktiv,
eo-skole-bergen-katedralskole-avd-kyrre,"Bergen katedralskole, avd Kyrre",bergen-katedralskole-avd-kyrre,,Vestland,,videregående,,aktiv,
eo-skole-bomlo-vidaregaande-skule,Bømlo vidaregåande skule,bomlo-vidaregaande-skule,,Vestland,,videregående,,aktiv,
eo-skole-dale-vidaregaande-skule,Dale vidaregåande skule,dale-vidaregaande-skule,,Vestland,,videregående,,aktiv,
eo-skole-eid-vidaregaande-skule,Eid vidaregåande skule,eid-vidaregaande-skule,,Vestland,,videregående,,aktiv,
eo-skole-firda-vidaregaande-skule,Firda vidaregåande skule,firda-vidaregaande-skule,,Vestland,,videregående,,aktiv,
eo-skole-flora-vidaregaande-skule,Flora vidaregåande skule,flora-vidaregaande-skule,,Vestland,,videregående,,aktiv,
eo-skole-fusa-vidaregaande-skule,Fusa vidaregåande skule,fusa-vidaregaande-skule,,Vestland,,videregående,,aktiv,
eo-skole-fyllingsdalen-videregaende-skole,Fyllingsdalen videregående skole,fyllingsdalen-videregaende-skole,,Vestland,,videregående,,aktiv,
eo-skole-forde-ungdomsskule,Førde ungdomsskule,forde-ungdomsskule,,Vestland,,ungdomsskole,,aktiv,
eo-skole-forde-vgs,Førde vgs,forde-vgs,,Vestland,,videregående,,aktiv,
eo-skole-granvin-ungdomsskole,Granvin ungdomsskole,granvin-ungdomsskole,,Vestland,,ungdomsskole,,aktiv,
eo-skole-halbrend-skule,Halbrend skule,halbrend-skule,,Vestland,,ungdomsskole,,aktiv,
eo-skole-hauso-barne-og-ungdomsskule,Hauso barne- og ungdomsskule,hauso-barne-og-ungdomsskule,,Vestland,,ungdomsskole,,aktiv,
eo-skole-hoyanger-vidaregaande-skule,Høyanger vidaregåande skule,hoyanger-vidaregaande-skule,,Vestland,,videregående,,aktiv,
eo-skole-kjokkelvik-skole,Kjøkkelvik skole,kjokkelvik-skole,,Vestland,,ungdomsskole,,aktiv,
eo-skole-knarvik-vidaregaande-skule,Knarvik vidaregåande skule,knarvik-vidaregaande-skule,,Vestland,,videregående,,aktiv,
eo-skole-krokeide-videregaende-skole,Krokeide videregående skole,krokeide-videregaende-skole,,Vestland,,videregående,,aktiv,
eo-skole-kvam-ungdomsskole,Kvam ungdomsskole,kvam-ungdomsskole,,Vestland,,ungdomsskole,,aktiv,
eo-skole-kvam-vidaregaande-skule,Kvam vidaregåande skule,kvam-vidaregaande-skule,,Vestland,,videregående,,aktiv,
eo-skole-kyrkjekrinsen-skole,Kyrkjekrinsen skole,kyrkjekrinsen-skole,,Vestland,,ungdomsskole,,aktiv,
eo-skole-laksevag-og-bergen-maritime-videregaende-skole,Laksevåg og Bergen maritime videregående skole,laksevag-og-bergen-maritime-videregaende-skole,,Vestland,,videregående,,aktiv,
eo-skole-langhaugen-videregaende-skole,Langhaugen videregående skole,langhaugen-videregaende-skole,,Vestland,,videregående,,aktiv,
eo-skole-metis-videregaende-skole-as,Metis videregående skole AS,metis-videregaende-skole-as,,Vestland,,videregående,,aktiv,
eo-skole-maloy-vidaregaande-skule,Måløy vidaregåande skule,maloy-vidaregaande-skule,,Vestland,,videregående,,aktiv,
eo-skole-nordahl-grieg-videregaende-skole,Nordahl Grieg videregående skole,nordahl-grieg-videregaende-skole,,Vestland,,videregående,,aktiv,
eo-skole-odda-vidaregaande-skule,Odda vidaregåande skule,odda-vidaregaande-skule,,Vestland,,videregående,,aktiv,
eo-skole-olsvikasen-videregaende-skole,Olsvikåsen videregående skole,olsvikasen-videregaende-skole,,Vestland,,videregående,,aktiv,
eo-skole-os-gymnas,Os gymnas,os-gymnas,,Vestland,,videregående,,aktiv,
eo-skole-os-vidaregaande-skule,Os vidaregåande skule,os-vidaregaande-skule,,Vestland,,videregående,,aktiv,
eo-skole-osteroy-vidaregaande-skule,Osterøy vidaregåande skule,osteroy-vidaregaande-skule,,Vestland,,videregående,,aktiv,
eo-skole-sandsli-videregende-skole,Sandsli Videregende skole,sandsli-videregende-skole,,Vestland,,videregående,,aktiv,
eo-skole-slatthaug-vidaregaande-skule,Slåtthaug vidaregåande skule,slatthaug-vidaregaande-skule,,Vestland,,videregående,,aktiv,
eo-skole-sogndal-vidaregaande-skule,Sogndal vidaregåande skule,sogndal-vidaregaande-skule,,Vestland,,videregående,,aktiv,
eo-skole-sotra-vidaregaande-skule-avd-bildoy,"Sotra vidaregåande skule, avd Bildøy",sotra-vidaregaande-skule-avd-bildoy,,Vestland,,videregående,,aktiv,
eo-skole-sotra-vidaregaande-skule-avd-sund,"Sotra vidaregåande skule, avd Sund",sotra-vidaregaande-skule-avd-sund,,Vestland,,videregående,,aktiv,
eo-skole-stend-videregaende-skole-naturbrukskolene,Stend videregående skole (Naturbrukskolene),stend-videregaende-skole-naturbrukskolene,,Vestland,,videregående,,aktiv,
eo-skole-stord-vidaregaande-skule,Stord vidaregåande skule,stord-vidaregaande-skule,,Vestland,,videregående,,aktiv,
eo-skole-strandebarm-skule,Strandebarm Skule,strandebarm-skule,,Vestland,,ungdomsskole,,aktiv,
eo-skole-stryn-vidaregaande-skule,Stryn vidaregåande skule,stryn-vidaregaande-skule,,Vestland,,videregående,,aktiv,
eo-skole-sund-ungdomsskole,Sund ungdomsskole,sund-ungdomsskole,,Vestland,,ungdomsskole,,aktiv,
eo-skole-tertnes-videregaende-skole,Tertnes videregående skole,tertnes-videregaende-skole,,Vestland,,videregående,,aktiv,
eo-skole-uwc-red-cross-nordic,UWC Red Cross Nordic,uwc-red-cross-nordic,,Vestland,,videregående,,aktiv,
eo-skole-voss-gymnas,Voss gymnas,voss-gymnas,,Vestland,,videregående,,aktiv,
eo-skole-voss-videregaende-skole,Voss videregående skole,voss-videregaende-skole,,Vestland,,videregående,,aktiv,
eo-skole-ardal-vidaregaande-skule,Årdal vidaregåande skule,ardal-vidaregaande-skule,,Vestland,,videregående,,aktiv,
eo-skole-arstad-videregaende-skole,Årstad videregående skole,arstad-videregaende-skole,,Vestland,,videregående,,aktiv,
eo-skole-asane-videregaende-skole,Åsane videregående skole,asane-videregaende-skole,,Vestland,,videregående,,aktiv,
eo-skole-akademiet-fredrikstad-as,Akademiet Fredrikstad AS,akademiet-fredrikstad-as,,Østfold,,videregående,,aktiv,
eo-skole-askim-ungdomsskole,Askim ungdomsskole,askim-ungdomsskole,,Østfold,,ungdomsskole,,aktiv,
eo-skole-askim-videregaende-skole,Askim videregående skole,askim-videregaende-skole,,Østfold,,videregående,,aktiv,
eo-skole-borg-videregaende-skole,Borg videregående skole,borg-videregaende-skole,,Østfold,,videregående,,aktiv,
eo-skole-borge-ungdomsskole,Borge ungdomsskole,borge-ungdomsskole,,Østfold,,ungdomsskole,,aktiv,
eo-skole-frederik-ii-videregaende-skole,Frederik II videregående skole,frederik-ii-videregaende-skole,,Østfold,,videregående,,aktiv,
eo-skole-glemmen-videregaende-skole,Glemmen videregående skole,glemmen-videregaende-skole,,Østfold,,videregående,,aktiv,
eo-skole-gressvik-ungdomsskole,Gressvik ungdomsskole,gressvik-ungdomsskole,,Østfold,,ungdomsskole,,aktiv,
eo-skole-greaker-videregaende-skole,Greåker videregående skole,greaker-videregaende-skole,,Østfold,,videregående,,aktiv,
eo-skole-halden-videregaende-skole,Halden videregående skole,halden-videregaende-skole,,Østfold,,videregående,,aktiv,
eo-skole-haugeasen-ungdomsskole,Haugeåsen ungdomsskole,haugeasen-ungdomsskole,,Østfold,,ungdomsskole,,aktiv,
eo-skole-hvaler-barne-og-ungdomsskole,Hvaler barne og ungdomsskole,hvaler-barne-og-ungdomsskole,,Østfold,,ungdomsskole,,aktiv,
eo-skole-kalnes-videregaende-skole,Kalnes videregående skole,kalnes-videregaende-skole,,Østfold,,videregående,,aktiv,
eo-skole-kirkebygden-ungdomsskole-valer,Kirkebygden ungdomsskole (Våler),kirkebygden-ungdomsskole-valer,,Østfold,,videregående,,aktiv,
eo-skole-kirkeparken-videregaende-skole,Kirkeparken videregående skole,kirkeparken-videregaende-skole,,Østfold,,ungdomsskole,,aktiv,
eo-skole-knapstad-barne-og-ungdomsskole,Knapstad Barne- og Ungdomsskole,knapstad-barne-og-ungdomsskole,,Østfold,,ungdomsskole,,aktiv,
eo-skole-krakeroy-ungdomsskole,Kråkerøy ungdomsskole,krakeroy-ungdomsskole,,Østfold,,ungdomsskole,,aktiv,
eo-skole-kvernhuset-ungdomsskole,Kvernhuset Ungdomsskole,kvernhuset-ungdomsskole,,Østfold,,ungdomsskole,,aktiv,
eo-skole-malakoff-videregaende-skole,Malakoff videregående skole,malakoff-videregaende-skole,,Østfold,,videregående,,aktiv,
eo-skole-mysen-ungdomsskole,Mysen ungdomsskole,mysen-ungdomsskole,,Østfold,,videregående,,aktiv,
eo-skole-mysen-videregaende-skole,Mysen videregående skole,mysen-videregaende-skole,,Østfold,,videregående,,aktiv,
eo-skole-rodsberg-ungdomsskole,Rødsberg ungdomsskole,rodsberg-ungdomsskole,,Østfold,,ungdomsskole,,aktiv,
eo-skole-spydeberg-ungdomsskole,Spydeberg ungdomsskole,spydeberg-ungdomsskole,,Østfold,,ungdomsskole,,aktiv,
eo-skole-st-olav-videregaende-skole-sarpsborg,St. Olav videregående skole - Sarpsborg,st-olav-videregaende-skole-sarpsborg,,Østfold,,videregående,,aktiv,
eo-skole-steinerskolen-i-fredrikstad,Steinerskolen i Fredrikstad,steinerskolen-i-fredrikstad,,Østfold,,ungdomsskole,,aktiv,
eo-skole-steinerskolen-i-moss-grunnskole,"Steinerskolen i Moss, grunnskole",steinerskolen-i-moss-grunnskole,,Østfold,,ungdomsskole,,aktiv,
eo-skole-steinerskolen-i-moss-videregaende-skole,"Steinerskolen i Moss, videregående skole",steinerskolen-i-moss-videregaende-skole,,Østfold,,videregående,,aktiv,
eo-skole-stiftelsen-steinerskolen-i-indre-ostfold-askim,Stiftelsen Steinerskolen i Indre Østfold (Askim),stiftelsen-steinerskolen-i-indre-ostfold-askim,,Østfold,,ungdomsskole,,aktiv,
eo-skole-tindlund-ungdomsskole,Tindlund ungdomsskole,tindlund-ungdomsskole,,Østfold,,ungdomsskole,,aktiv,
eo-skole-trogstad-ungdomsskole,Trøgstad Ungdomsskole,trogstad-ungdomsskole,,Østfold,,ungdomsskole,,aktiv,
eo-skole-vestbygda-ungdomsskole,Vestbygda ungdomsskole,vestbygda-ungdomsskole,,Østfold,,ungdomsskole,,aktiv,
